card_number,guest_code
001,G-A1B
002,G-B2C
003,G-C3D
004,G-D4E
005,G-E5F
006,G-F6G
007,G-G7H
008,G-H8I
009,G-I9J
010,G-J0K
011,G-K1L
012,G-L2M
013,G-M3N
014,G-N4O
015,G-O5P
016,G-P6Q
017,G-Q7R
018,G-R8S
019,G-S9T
020,G-T0U
021,G-U1V
022,G-V2W
023,G-W3X
024,G-X4Y
025,G-Y5Z
026,G-Z6A
027,G-A7B
028,G-B8C
029,G-C9D
030,G-D0E
031,G-E1F
032,G-F2G
033,G-G3H
034,G-H4I
035,G-I5J
036,G-J6K
037,G-K7L
038,G-L8M
039,G-M9N
040,G-N0O
041,G-O1P
042,G-P2Q
043,G-Q3R
044,G-R4S
045,G-S5T
046,G-T6U
047,G-U7V
048,G-V8W
049,G-W9X
050,G-X0Y
051,G-Y1Z
052,G-Z2A
053,G-A3B
054,G-B4C
055,G-C5D
056,G-D6E
057,G-E7F
058,G-F8G
059,G-G9H
060,G-H0I
061,G-I1J
062,G-J2K
063,G-K3L
064,G-L4M
065,G-M5N
066,G-N6O
067,G-O7P
068,G-P8Q
069,G-Q9R
070,G-R0S
071,G-S1T
072,G-T2U
073,G-U3V
074,G-V4W
075,G-W5X
076,G-X6Y
077,G-Y7Z
078,G-Z8A
079,G-A9B
080,G-B0C
081,G-C1D
082,G-D2E
083,G-E3F
084,G-F4G
085,G-G5H
086,G-H6I
087,G-I7J
088,G-J8K
089,G-K9L
090,G-L0M
091,G-M1N
092,G-N2O
093,G-O3P
094,G-P4Q
095,G-Q5R
096,G-R6S
097,G-S7T
098,G-T8U
099,G-U9V
100,G-V0W
101,G-W1X
102,G-X2Y
103,G-Y3Z
104,G-Z4A
105,G-A5B
106,G-B6C
107,G-C7D
108,G-D8E
109,G-E9F
110,G-F0G
111,G-G1H
112,G-H2I
113,G-I3J
114,G-J4K
115,G-K5L
116,G-L6M
117,G-M7N
118,G-N8O
119,G-O9P
120,G-P0Q
121,G-Q1R
122,G-R2S
123,G-S3T
124,G-T4U
125,G-U5V
126,G-V6W
127,G-W7X
128,G-X8Y
129,G-Y9Z
130,G-Z0A
131,G-A1C
132,G-B2D
133,G-C3E
134,G-D4F
135,G-E5G
136,G-F6H
137,G-G7I
138,G-H8J
139,G-I9K
140,G-J0L
141,G-K1M
142,G-L2N
143,G-M3O
144,G-N4P
145,G-O5Q
146,G-P6R
147,G-Q7S
148,G-R8T
149,G-S9U
150,G-T0V
151,G-U1W
152,G-V2X
153,G-W3Y
154,G-X4Z
155,G-Y5A
156,G-Z6B
157,G-A7C
158,G-B8D
159,G-C9E
160,G-D0F
161,G-E1G
162,G-F2H
163,G-G3I
164,G-H4J
165,G-I5K
166,G-J6L
167,G-K7M
168,G-L8N
169,G-M9O
170,G-N0P
171,G-O1Q
172,G-P2R
173,G-Q3S
174,G-R4T
175,G-S5U
176,G-T6V
177,G-U7W
178,G-V8X
179,G-W9Y
180,G-X0Z
181,G-Y1A
182,G-Z2B
183,G-A3C
184,G-B4D
185,G-C5E
186,G-D6F
187,G-E7G
188,G-F8H
189,G-G9I
190,G-H0J
191,G-I1K
192,G-J2L
193,G-K3M
194,G-L4N
195,G-M5O
196,G-N6P
197,G-O7Q
198,G-P8R
199,G-Q9S
200,G-R0T
201,G-S1U
202,G-T2V
203,G-U3W
204,G-V4X
205,G-W5Y
206,G-X6Z
207,G-Y7A
208,G-Z8B
209,G-A9C
210,G-B0D
211,G-C1E
212,G-D2F
213,G-E3G
214,G-F4H
215,G-G5I
216,G-H6J
217,G-I7K
218,G-J8L
219,G-K9M
220,G-L0N
221,G-M1O
222,G-N2P
223,G-O3Q
224,G-P4R
225,G-Q5S
226,G-R6T
227,G-S7U
228,G-T8V
229,G-U9W
230,G-V0X
231,G-W1Y
232,G-X2Z
233,G-Y3A
234,G-Z4B
235,G-A5C
236,G-B6D
237,G-C7E
238,G-D8F
239,G-E9G
240,G-F0H
241,G-G1I
242,G-H2J
243,G-I3K
244,G-J4L
245,G-K5M
246,G-L6N
247,G-M7O
248,G-N8P
249,G-O9Q
250,G-P0R
251,G-Q1S
252,G-R2T
253,G-S3U
254,G-T4V
255,G-U5W
256,G-V6X
257,G-W7Y
258,G-X8Z
259,G-Y9A
260,G-Z0B
261,G-A1D
262,G-B2E
263,G-C3F
264,G-D4G
265,G-E5H
266,G-F6I
267,G-G7J
268,G-H8K
269,G-I9L
270,G-J0M
271,G-K1N
272,G-L2O
273,G-M3P
274,G-N4Q
275,G-O5R
276,G-P6S
277,G-Q7T
278,G-R8U
279,G-S9V
280,G-T0W
281,G-U1X
282,G-V2Y
283,G-W3Z
284,G-X4A
285,G-Y5B
286,G-Z6C
287,G-A7D
288,G-B8E
289,G-C9F
290,G-D0G
291,G-E1H
292,G-F2I
293,G-G3J
294,G-H4K
295,G-I5L
296,G-J6M
297,G-K7N
298,G-L8O
299,G-M9P
300,G-N0Q